{"salinity": [28.0, 29.0, 30.0, 31.0, 32.0, 33.0, 34.0, 35.0, 36.0, 37.0, 38.0], "temperature": [0.0, 1.0, 2.0, 3.0, 4.0, 5.0, 6.0, 7.0, 8.0, 9.0, 10.0, 11.0, 12.0, 13.0, 14.0, 15.0, 16.0, 17.0, 18.0, 19.0, 20.0, 21.0, 22.0, 23.0, 24.0, 25.0, 26.0, 27.0, 28.0, 29.0, 30.0], "density": [[22.35742963505743, 23.15969784619233, 23.962018726294332, 24.7643969269202, 25.566836389325545, 26.369340191674155, 27.17191038384044, 27.97454781288866, 28.77725194179129, 29.580020663526966, 30.382850112333244], [22.318909238396373, 23.11799506671798, 23.917142137885435, 24.716355100495093, 25.515637923195982, 26.314993738948715, 27.11442467717302, 27.91393168683362, 28.713514353003347, 29.513170709017004, 30.312897045972022], [22.26697345113905, 23.062935626862327, 23.85896666246913, 24.655071238505798, 25.45125338269736, 26.247516311494564, 27.0438622597826, 27.840292301774298, 28.636806165598273, 29.43340204368019, 30.230076400644748], [22.202007942150317, 22.994905509118098, 23.787878730758052, 24.58093234967032, 25.374070479762395, 26.167296445303464, 26.96061260839906, 27.754020187877586, 28.547519072077648, 29.341107627612246, 30.13478250581784], [22.12437652838048, 22.914268667459396, 23.70424255919147, 24.49430303372219, 25.284454313850347, 26.074699851801142, 26.865042154656294, 27.65548260140872, 28.446021254110065, 29.236656665163764, 30.027385682459908], [22.034422449884687, 22.821368310097228, 23.608401440379794, 24.395526779493366, 25.182748677626932, 25.970070731085116, 26.75749560585109, 27.54502485297371, 28.332658718223684, 29.120395948056057, 29.908233593555906], [21.932469616243225, 22.71652815354173, 23.500679004761764, 24.284927234126144, 25.06927733369139, 25.853733056129386, 26.638297236592052, 27.42297160658154, 28.207756602256723, 28.99265116919196, 29.77765256525231], [21.818823823282514, 22.600053646867195, 23.381380452372923, 24.162809442307434, 24.944345261239732, 25.725991826845984, 26.507752150228725, 27.289628148415204, 28.07162045144264, 28.85372820603243, 29.63594887750628], [21.6937739390969, 22.472233165180683, 23.25079375372343, 24.029461054520425, 24.80823987166059, 25.58713429299314, 26.366147509047778, 27.14528162429019, 27.924537463109118, 28.703914372517374, 29.483410023209217], [21.557593058458224, 22.333339171379407, 23.109190818868683, 23.8851535033981, 24.66123219214228, 25.43743114501308, 26.21375373231467, 26.99020224487981, 27.766777699068825, 28.54347963860323, 29.32030593485547], [21.410539624782245, 22.18362934536401, 22.956828633841496, 23.73014314734621, 24.503578016461006, 25.2771376719611, 26.050825661325007, 26.824644457868317, 27.598595264858204, 28.372677816572377, 29.146890177911246], [21.252858518896005, 22.023347679955464, 22.79395036369033, 23.564672380678076, 24.335519022191647, 25.10649488577019, 25.877603690705655, 26.648848086274484, 27.420229455065964, 28.19174771335497, 28.96340111011682], [21.084782113922074, 21.852725542829376, 22.620786421438993, 23.38897070957887, 24.157283853654008, 24.925730611166728, 25.69431486528083, 26.4630394322528, 27.231905864060764, 28.000914248171966, 28.770063006036708], [20.906531295656578, 21.671982703844947, 22.4375555023463, 23.20325579327573, 23.969089169980066, 24.73506054061386, 25.501173941881916, 26.267432345758152, 27.033837461498024, 27.800389534876558, 28.56708714622755], [20.7183164478829, 21.481328327211713, 22.244465582907537, 23.007734449858503, 23.77114065773651, 24.53468925372681, 25.298384415541705, 26.062229257509443, 26.826225632047453, 27.590373928436748, 28.35467287047186], [20.520338402113566, 21.2809619279883, 22.04171488409304, 22.802603626244604, 23.563634007603696, 24.324811200653585, 25.086139509569875, 25.847622175753713, 26.609261178835368, 27.371057035052445, 28.13300859456649], [20.312789351308197, 21.07107429245889, 21.829492798372485, 22.588051331836823, 23.346755854658454, 24.105611648976264, 24.864623129062466, 25.623793646374907, 26.383125290153657, 27.142618685461684, 27.90227279022156], [20.095853727162307, 20.851848361986754, 21.607980780118965, 22.36425753547178, 23.120684681858847, 23.877267593722195, 24.634010777438334, 25.390917675954142, 26.147990469037268, 26.905229871032134, 27.66263492766757], [19.869709040603198, 20.623460079978827, 21.377353199036406, 22.131395025301345, 22.885591686371754, 23.63994863013636, 24.39447043565019, 25.149160617416555, 25.904021425346627, 26.659053642280696, 27.41425638061378], [19.634526685179594, 20.386079201650432, 21.13777815629112, 21.889630231286333, 22.641641608428017, 23.393817788893216, 24.14616340375278, 24.89868201795548, 25.6513759300492, 26.40424596951334, 27.157291293245862], [19.39047270305946, 20.13987006630498, 20.889418263070752, 21.639124010031082, 22.388993522428905, 23.13903233347571, 23.88924510455422, 24.639635428957718, 25.39020563141912, 26.14095656530344, 26.891887408989305], [19.137708513398366, 19.884992331891112, 20.632431381327024, 21.38003239171303, 22.127801590062177, 22.875744519478644, 23.623865849109393, 24.372169177688193, 25.12065683292144, 25.86932966857603, 26.61818686079937], [18.87639160286733, 19.621601671628014, 20.36697132649965, 21.11250728890343, 21.85821577522381, 22.604102315633668, 23.350171563851404, 24.096427100535948, 24.842871232571042, 25.58950479009195, 26.336326922775243], [18.606676178166367, 19.349850432524818, 20.09318853204286, 20.836697167106877, 21.580382520571106, 22.32425008638279, 23.068304479190942, 23.81254923764186, 24.55698662360237, 25.301617419161857, 26.046440722928764], [18.328713780380212, 19.069888255651108, 19.81123067561498, 20.55274767687274, 21.294445385565723, 22.03632923585633, 22.778403779437326, 23.52067248877222, 24.26313755630008, 25.00579969144701, 25.748657916962657], [18.04265386105999, 18.781862658043337, 19.521243266815873, 20.26080224737086, 21.000545645893112, 21.740478813145728, 22.48060621393188, 23.220931230324027, 23.96145596088627, 24.702181017736166, 25.44310532295026], [17.748644319946607, 18.48591957616202, 19.223370196385872, 19.961002641342134, 20.698822854171567, 21.436836078782108, 22.175046669308358, 22.913457893374016, 23.65207173137253, 24.39088867361329, 25.12990751683037], [17.44683200427494, 18.182203870841136, 18.91775424680918, 19.653489471363855, 20.38941536189543, 21.125537032366196, 21.861858702819973, 22.598383502717752, 23.335113270321244, 24.072048349955367, 24.809187388656255], [17.137363169625928, 17.87085979369283, 18.60453756428501, 19.338402677400722, 20.0724608025738, 20.80671690131078, 21.541175036698178, 22.275838176860134, 23.010707994481777, 23.745784664229063, 24.481066659566295], [16.820383902314575, 17.552031414963494, 18.283862092060417, 19.01588196562841, 19.748096536061325, 20.48051059068996, 21.2131280135377, 21.94595158894822, 22.678982801289976, 23.41222163257123, 24.14566635946403], [16.49604050333221, 17.22586301284798, 17.955869965135662, 18.686067208543363, 19.41646005408768, 20.14705309420549, 20.877850012715726, 21.60885338866126, 22.340064496242462, 23.071483102667912, 23.803107265417452]]}